code,Region,2010,2011,2012,2013,2014,2015,2016,2017,2018,2019,Total
AFG,Afghanistan,377,390,94,143,228,284,388,399,466,530,3299
AFR,African Region,804031,764244,727320,694438,655614,631381,604566,578326,578552,590252,6628724
ALB,Albania,0,0,0,0,0,0,0,0,0,0,0
DZA,Algeria,0,0,0,0,0,0,0,0,0,0,0
ASM,American Samoa,0,0,0,0,0,0,0,0,0,0,0
AND,Andorra,0,0,0,0,0,0,0,0,0,0,0
AGO,Angola,10045,8972,8550,8570,8798,9549,10192,10595,10793,10784,96848
ATG,Antigua and Barbuda,0,0,0,0,0,0,0,0,0,0,0
ARG,Argentina,0,0,0,0,0,0,0,0,0,0,0
ARM,Armenia,0,0,0,0,0,0,0,0,0,0,0
AUS,Australia,0,0,0,0,0,0,0,0,0,0,0
AUT,Austria,0,0,0,0,0,0,0,0,0,0,0
AZE,Azerbaijan,1,1,0,0,0,0,0,0,0,0,2
BHS,Bahamas,0,0,0,0,0,0,0,0,0,0,0
BHR,Bahrain,0,0,0,0,0,0,0,0,0,0,0
BGD,Bangladesh,4993,5108,1087,481,1309,901,580,560,155,110,15284
BRB,Barbados,0,0,0,0,0,0,0,0,0,0,0
BLR,Belarus,0,0,0,0,0,0,0,0,0,0,0
BEL,Belgium,0,0,0,0,0,0,0,0,0,0,0
BLZ,Belize,0,0,0,0,0,0,0,0,0,0,0
BEN,Benin,13172,12635,12990,13119,12780,13347,13628,12995,13880,13264,131810
BMU,Bermuda,0,0,0,0,0,0,0,0,0,0,0
BTN,Bhutan,4,3,1,0,1,0,0,0,0,0,9
BOL,Bolivia,13,4,5,8,4,1,0,0,0,0,35
BIH,Bosnia and Herzegovina,0,0,0,0,0,0,0,0,0,0,0
BWA,Botswana,11,3,1,3,7,1,4,11,12,14,67
BRA,Brazil,372,307,287,214,151,114,97,122,121,118,1903
BRN,Brunei,0,0,0,0,0,0,0,0,0,0,0
BGR,Bulgaria,0,0,0,0,0,0,0,0,0,0,0
BFA,Burkina Faso,41550,41532,41921,40557,37300,35100,30745,26739,25357,26305,347106
BDI,Burundi,8202,7982,6607,6166,5807,6349,7893,8351,7313,7280,71950
KHM,Cambodia,335,320,148,84,118,138,94,152,66,57,1512
CMR,Cameroon,23659,22623,20835,20602,20685,20962,22810,22810,22304,22652,219942
CAN,Canada,0,0,0,0,0,0,0,0,0,0,0
CPV,Cape Verde,0,0,0,0,0,0,0,1,2,9,12
CAF,Central African Republic,5689,5381,5161,5009,4829,4704,4479,4385,4394,4248,48279
TCD,Chad,7754,7226,6773,6526,6219,6416,6617,6737,6709,7194,68171
CHL,Chile,0,0,0,0,0,0,0,0,0,0,0
CHN,China,12,11,0,0,0,0,0,0,0,0,23
COL,Colombia,197,103,153,114,120,133,183,127,57,55,1242
COM,Comoros,573,487,484,409,25,13,10,21,134,174,2330
COG,Congo,1904,1968,2017,2053,2076,2045,2076,2152,2164,2102,20557
COK,Cook Islands,0,0,0,0,0,0,0,0,0,0,0
CRI,Costa Rica,0,0,0,0,0,0,0,0,0,0,0
CIV,Cote d'Ivoire,39658,37054,34226,29527,27373,27690,29808,29979,27758,29398,312471
HRV,Croatia,0,0,0,0,0,0,0,0,0,0,0
CUB,Cuba,0,0,0,0,0,0,0,0,0,0,0
CYP,Cyprus,0,0,0,0,0,0,0,0,0,0,0
CZE,Czechia,0,0,0,0,0,0,0,0,0,0,0
COD,Democratic Republic of Congo,91494,85596,78228,71343,66547,64193,64761,63941,57808,57160,701071
DNK,Denmark,0,0,0,0,0,0,0,0,0,0,0
DJI,Djibouti,27,1,0,25,173,144,188,143,89,97,887
DMA,Dominica,0,0,0,0,0,0,0,0,0,0,0
DOM,Dominican Republic,43,22,13,6,6,7,7,3,4,5,116
EAS,East Asia & Pacific,21306,17531,15601,9643,6970,4242,3752,3250,2233,2142,86670
EMR,Eastern Mediterranean Region,16540,16939,17946,12945,14150,14790,15740,17047,15455,15985,157537
ECU,Ecuador,3,3,1,2,0,1,3,2,2,1,18
EGY,Egypt,0,0,0,0,0,0,0,0,0,0,0
SLV,El Salvador,1,1,1,1,1,1,1,1,0,0,8
ENG,England,0,0,0,0,0,0,0,0,0,0,0
GNQ,Equatorial Guinea,916,919,939,917,889,862,796,754,728,768,8488
ERI,Eritrea,332,462,274,201,283,224,321,336,363,331,3127
EST,Estonia,0,0,0,0,0,0,0,0,0,0,0
SWZ,Eswatini,4,4,5,11,4,0,1,9,7,9,54
ETH,Ethiopia,22337,17487,17971,18211,10220,10213,7848,7445,10328,13104,135164
ECS,Europe & Central Asia,1,1,0,0,0,0,0,0,0,0,2
EUR,European Region,1,1,0,0,0,0,0,0,0,0,2
FJI,Fiji,0,0,0,0,0,0,0,0,0,0,0
FIN,Finland,0,0,0,0,0,0,0,0,0,0,0
FRA,France,0,0,0,0,0,0,0,0,0,0,0
G20,G20,66796,69613,46877,34682,47567,51706,35776,30893,35022,34594,453526
GAB,Gabon,672,786,874,913,908,843,805,758,737,715,8011
GMB,Gambia,1295,2018,2020,1827,1214,1445,1007,563,664,637,12690
GEO,Georgia,0,0,0,0,0,0,0,0,0,0,0
DEU,Germany,0,0,0,0,0,0,0,0,0,0,0
GHA,Ghana,32494,31338,30201,28366,26844,24337,22171,20533,21907,21597,259788
GRC,Greece,0,0,0,0,0,0,0,0,0,0,0
GRL,Greenland,0,0,0,0,0,0,0,0,0,0,0
GRD,Grenada,0,0,0,0,0,0,0,0,0,0,0
GUM,Guam,0,0,0,0,0,0,0,0,0,0,0
GTM,Guatemala,0,1,1,1,0,1,0,0,0,0,4
GIN,Guinea,15037,15099,14693,14521,13599,12822,12142,11567,10990,11337,131807
GNB,Guinea-Bissau,585,596,522,509,441,393,370,393,593,584,4986
GUY,Guyana,67,117,110,122,34,32,37,44,18,17,598
HTI,Haiti,1890,955,876,698,447,407,465,355,410,453,6956
HND,Honduras,2,2,2,3,1,2,3,0,1,1,17
HUN,Hungary,0,0,0,0,0,0,0,0,0,0,0
ISL,Iceland,0,0,0,0,0,0,0,0,0,0,0
IND,India,60236,63142,42686,32921,45334,50605,34592,29355,34030,33372,426273
IDN,Indonesia,6125,6096,3871,1480,2019,979,1077,1287,725,637,24296
IRN,Iran,1,1,0,0,0,0,0,0,0,0,2
IRQ,Iraq,0,0,0,0,0,0,0,0,0,0,0
IRL,Ireland,0,0,0,0,0,0,0,0,0,0,0
ISR,Israel,0,0,0,0,0,0,0,0,0,0,0
ITA,Italy,0,0,0,0,0,0,0,0,0,0,0
JAM,Jamaica,0,0,0,0,0,0,0,0,0,0,0
JPN,Japan,0,0,0,0,0,0,0,0,0,0,0
JOR,Jordan,0,0,0,0,0,0,0,0,0,0,0
KAZ,Kazakhstan,0,0,0,0,0,0,0,0,0,0,0
KEN,Kenya,3585,1961,1719,3077,4103,4772,6138,7358,7963,8049,48725
KIR,Kiribati,0,0,0,0,0,0,0,0,0,0,0
KWT,Kuwait,0,0,0,0,0,0,0,0,0,0,0
KGZ,Kyrgyzstan,0,0,0,0,0,0,0,0,0,0,0
LAO,Laos,177,126,275,170,158,75,21,22,24,23,1071
LCN,Latin America & Caribbean,2675,1596,1536,1339,946,964,1130,1116,1143,1342,13787
LVA,Latvia,0,0,0,0,0,0,0,0,0,0,0
LBN,Lebanon,0,0,0,0,0,0,0,0,0,0,0
LSO,Lesotho,0,0,0,0,0,0,0,0,0,0,0
LBR,Liberia,4712,4786,4029,3759,4135,4221,4583,4677,4645,4587,44134
LBY,Libya,0,0,0,0,0,0,0,0,0,0,0
LTU,Lithuania,0,0,0,0,0,0,0,0,0,0,0
LUX,Luxembourg,0,0,0,0,0,0,0,0,0,0,0
MDG,Madagascar,5344,4972,5140,5480,5786,5654,5373,5444,5763,5920,54876
MWI,Malawi,9328,8370,7797,7773,7407,6943,6580,6633,7095,7076,75002
MYS,Malaysia,13,5,5,8,7,5,3,5,5,5,61
MDV,Maldives,0,0,0,0,0,0,0,0,0,0,0
MLI,Mali,26600,28581,32358,33339,32158,27890,21363,15832,17213,18000,253334
MLT,Malta,0,0,0,0,0,0,0,0,0,0,0
MHL,Marshall Islands,0,0,0,0,0,0,0,0,0,0,0
MRT,Mauritania,602,634,382,395,1015,1190,1549,1294,1711,1997,10769
MUS,Mauritius,0,0,0,0,0,0,0,0,0,0,0
MEX,Mexico,3,3,3,2,2,2,1,1,1,1,19
FSM,Micronesia,0,0,0,0,0,0,0,0,0,0,0
MNA,Middle East & North Africa,4422,4059,4411,3981,4761,4340,4726,4957,4609,5187,45453
MDA,Moldova,0,0,0,0,0,0,0,0,0,0,0
MCO,Monaco,0,0,0,0,0,0,0,0,0,0,0
MNG,Mongolia,0,0,0,0,0,0,0,0,0,0,0
MNE,Montenegro,0,0,0,0,0,0,0,0,0,0,0
MAR,Morocco,0,0,0,0,0,0,0,0,0,0,0
MOZ,Mozambique,26778,25570,25059,24242,22738,21419,20820,19734,19845,20528,226733
MMR,Myanmar,11433,8812,9453,5795,2889,1919,975,216,271,294,42057
NAM,Namibia,7,8,1,15,40,19,43,133,93,192,551
NRU,Nauru,0,0,0,0,0,0,0,0,0,0,0
NPL,Nepal,32,0,4,8,3,7,3,1,1,1,60
NLD,Netherlands,0,0,0,0,0,0,0,0,0,0,0
NZL,New Zealand,0,0,0,0,0,0,0,0,0,0,0
NIC,Nicaragua,0,0,1,1,0,1,3,4,2,3,15
NER,Niger,31941,34358,35865,36155,34408,32208,29146,25790,22820,23822,306513
NGA,Nigeria,266638,254072,239886,227310,218689,204672,186482,176183,187000,191106,2152038
NIU,Niue,0,0,0,0,0,0,0,0,0,0,0
NAM,North America,0,0,0,0,0,0,0,0,0,0,0
PRK,North Korea,3,3,3,3,3,3,3,2,2,2,27
MKD,North Macedonia,0,0,0,0,0,0,0,0,0,0,0
NIR,Northern Ireland,0,0,0,0,0,0,0,0,0,0,0
MNP,Northern Mariana Islands,0,0,0,0,0,0,0,0,0,0,0
NOR,Norway,0,0,0,0,0,0,0,0,0,0,0
OED,OECD Countries,6,5,5,5,4,4,3,3,3,3,41
OMN,Oman,0,0,0,0,0,0,0,0,0,0,0
PAK,Pakistan,8828,9551,9847,4013,3275,3922,4120,5195,4242,4031,57024
PLW,Palau,0,0,0,0,0,0,0,0,0,0,0
PSE,Palestine,0,0,0,0,0,0,0,0,0,0,0
PAN,Panama,0,0,0,0,0,0,0,0,0,0,0
PNG,Papua New Guinea,1606,1231,1156,1537,1391,870,1353,1306,945,928,12323
PRY,Paraguay,1,0,0,0,0,0,0,0,0,0,1
PER,Peru,6,8,10,34,41,41,39,33,11,19,242
PHL,Philippines,341,140,92,89,23,46,18,41,34,46,870
POL,Poland,0,0,0,0,0,0,0,0,0,0,0
PRT,Portugal,0,0,0,0,0,0,0,0,0,0,0
PRI,Puerto Rico,0,0,0,0,0,0,0,0,0,0,0
QAT,Qatar,0,0,0,0,0,0,0,0,0,0,0
AMR,Region of the Americas,2675,1596,1536,1339,946,964,1130,1116,1143,1342,13787
ROU,Romania,0,0,0,0,0,0,0,0,0,0,0
RUS,Russia,0,0,0,0,0,0,0,0,0,0,0
RWA,Rwanda,4271,4003,3331,2594,2655,3012,3893,4225,3404,3386,34774
KNA,Saint Kitts and Nevis,0,0,0,0,0,0,0,0,0,0,0
LCA,Saint Lucia,0,0,0,0,0,0,0,0,0,0,0
VCT,Saint Vincent and the Grenadines,0,0,0,0,0,0,0,0,0,0,0
WSM,Samoa,0,0,0,0,0,0,0,0,0,0,0
SMR,San Marino,0,0,0,0,0,0,0,0,0,0,0
STP,Sao Tome and Principe,32,72,93,72,15,14,14,13,12,12,349
SAU,Saudi Arabia,0,0,0,0,0,0,1,1,1,1,4
SCT,Scotland,0,0,0,0,0,0,0,0,0,0,0
SEN,Senegal,11329,9949,10197,8762,6845,6706,5375,6203,7182,6740,79288
SRB,Serbia,0,0,0,0,0,0,0,0,0,0,0
SYC,Seychelles,0,0,0,0,0,0,0,0,0,0,0
SLE,Sierra Leone,15752,15309,14612,13963,13159,13346,13382,12755,11987,11717,135982
SGP,Singapore,0,0,0,0,0,0,0,0,0,0,0
SVK,Slovakia,0,0,0,0,0,0,0,0,0,0,0
SVN,Slovenia,0,0,0,0,0,0,0,0,0,0,0
SLB,Solomon Islands,377,244,197,165,114,112,156,145,96,87,1693
SOM,Somalia,994,1111,1728,2863,3734,3970,3953,3686,3678,3899,29616
ZAF,South Africa,45,51,28,62,58,4,6,123,142,464,983
SAS,South Asia,74469,78194,53718,37567,50151,55719,39682,35512,38894,38044,501950
KOR,South Korea,3,3,3,2,2,2,2,2,2,2,23
SSD,South Sudan,4982,4784,4855,5074,4988,5171,5032,4983,4885,5109,49863
SEAR,South-East Asia Region,83267,83380,57188,40773,51627,54421,37236,31424,35186,34417,508919
ESP,Spain,0,0,0,0,0,0,0,0,0,0,0
LKA,Sri Lanka,0,0,0,0,0,0,0,0,0,0,0
SSF,Sub-Saharan Africa,806943,767183,730914,699246,661500,637625,611072,584822,584689,596488,6680482
SDN,Sudan,1919,1827,1867,1945,2153,2275,2553,2810,2459,2337,22145
SUR,Suriname,4,2,1,1,2,0,0,0,0,0,10
SWE,Sweden,0,0,0,0,0,0,0,0,0,0,0
CHE,Switzerland,0,0,0,0,0,0,0,0,0,0,0
SYR,Syria,0,0,0,0,0,0,0,0,0,0,0
TWN,Taiwan,0,0,0,0,0,0,0,0,0,0,0
TJK,Tajikistan,0,0,0,0,0,0,0,0,0,0,0
TZA,Tanzania,20550,17850,15044,14613,15040,16496,16749,16630,16889,17014,166875
THA,Thailand,131,99,70,81,68,7,6,2,2,1,467
TLS,Timor,310,118,14,2,1,0,0,0,0,0,445
TGO,Togo,5714,5837,6276,6656,6655,6365,5750,5098,5294,5436,59081
TKL,Tokelau,0,0,0,0,0,0,0,0,0,0,0
TON,Tonga,0,0,0,0,0,0,0,0,0,0,0
TTO,Trinidad and Tobago,0,0,0,0,0,0,0,0,0,0,0
TUN,Tunisia,0,0,0,0,0,0,0,0,0,0,0
TUR,Turkey,0,0,0,0,0,0,0,0,0,0,0
TKM,Turkmenistan,0,0,0,0,0,0,0,0,0,0,0
TUV,Tuvalu,0,0,0,0,0,0,0,0,0,0,0
UGA,Uganda,39357,35099,27954,22671,19575,22016,27037,27740,22762,22587,266798
UKR,Ukraine,0,0,0,0,0,0,0,0,0,0,0
ARE,United Arab Emirates,0,0,0,0,0,0,0,0,0,0,0
GBR,United Kingdom,0,0,0,0,0,0,0,0,0,0,0
USA,United States,0,0,0,0,0,0,0,0,0,0,0
VIR,United States Virgin Islands,0,0,0,0,0,0,0,0,0,0,0
URY,Uruguay,0,0,0,0,0,0,0,0,0,0,0
UZB,Uzbekistan,0,0,0,0,0,0,0,0,0,0,0
VUT,Vanuatu,43,24,16,9,2,1,1,1,1,1,99
VEN,Venezuela,72,67,75,134,136,223,291,423,514,667,2602
VNM,Vietnam,398,299,298,217,176,84,45,68,61,59,1705
WLS,Wales,0,0,0,0,0,0,0,0,0,0,0
WLD,Yemen,4394,4057,4410,3955,4587,4196,4537,4813,4519,5089,44557
YEM,Zambia,4531,4332,4638,5523,5609,5235,4716,4287,4815,4777,48463
ZMB,Zimbabwe,4546,3479,2763,3544,3685,2518,2050,2116,2088,2068,28857
